{
  "prediction": 0.735906405206838,
  "feature_importance": {
    "num__Alter [J]": 0.03913145967344463,
    "cat__Geschlecht_m": 0.000010417942539788783,
    "cat__Geschlecht_w": -0.003344220861326903,
    "cat__Primäre Sprache_Andere": -0.00004119829158298671,
    "cat__Primäre Sprache_Deutsch": -0.007381962101790123,
    "cat__Primäre Sprache_Englisch": -0.0001557861113542458,
    "cat__Diagnose.Höranamnese.Beginn der Hörminderung (OP-Ohr)..._perilingual": -0.00016429311828687786,
    "cat__Diagnose.Höranamnese.Beginn der Hörminderung (OP-Ohr)..._postlingual": -0.08897872372937854,
    "cat__Diagnose.Höranamnese.Beginn der Hörminderung (OP-Ohr)..._praelingual": 0.0001799723756266758,
    "cat__Diagnose.Höranamnese.Ursache....Ursache..._Genetisch": -0.00039833092465414667,
    "cat__Diagnose.Höranamnese.Ursache....Ursache..._Lärm": -0.00017774623629520647,
    "cat__Diagnose.Höranamnese.Ursache....Ursache..._Meningitis": 0.0002118508047715295,
    "cat__Diagnose.Höranamnese.Ursache....Ursache..._Unbekannt": -0.004330158496741205,
    "cat__Symptome präoperativ.Tinnitus..._ja": -0.006012500620709033,
    "cat__Symptome präoperativ.Tinnitus..._nein": -0.003840844877631753,
    "cat__Behandlung/OP.CI Implantation_Advanced Bionics": -0.00006174910755362362,
    "cat__Behandlung/OP.CI Implantation_Cochlear": -0.015429615436005406,
    "cat__Behandlung/OP.CI Implantation_Med-El": 0.0027418500032217706
  },
  "shap_values": [
    0.03913145967344463,
    0.000010417942539788783,
    -0.003344220861326903,
    -0.00004119829158298671,
    -0.007381962101790123,
    -0.0001557861113542458,
    -0.00016429311828687786,
    -0.08897872372937854,
    0.0001799723756266758,
    -0.00039833092465414667,
    -0.00017774623629520647,
    0.0002118508047715295,
    -0.004330158496741205,
    -0.006012500620709033,
    -0.003840844877631753,
    -0.00006174910755362362,
    -0.015429615436005406,
    0.0027418500032217706
  ],
  "base_value": 0.8465241462600992,

  "plot_base64": null,
  "top_features": [
    {
      "feature": "cat__Diagnose.Höranamnese.Beginn der Hörminderung (OP-Ohr)..._postlingual",
      "importance": -0.08897872372937854,
      "value": 0.0
    },
    {
      "feature": "num__Alter [J]",
      "importance": 0.03913145967344463,
      "value": -0.5632523012349115
    },
    {
      "feature": "cat__Behandlung/OP.CI Implantation_Cochlear",
      "importance": -0.015429615436005406,
      "value": 0.0
    },
    {
      "feature": "cat__Primäre Sprache_Deutsch",
      "importance": -0.007381962101790123,
      "value": 1.0
    },
    {
      "feature": "cat__Symptome präoperativ.Tinnitus..._ja",
      "importance": -0.006012500620709033,
      "value": 1.0
    }
  ]
}
